Coordinate 1,Coordinate 2,Ellipsoid Dimensions,Tags,Description,Segment IDs,Parent ID,Type,ID
"(160192, 197952, 722)",,,other,,49150,,Point,
"(111232, 129216, 421)",,,epithelial,,31983,,Point,
"(113104, 54624, 370)",,,epithelial,,36114,,Point,
"(96192, 108768, 708)",,,epithelial,,25498,,Point,
"(95536, 63456, 292)",,,epithelial,,24586,,Point,
"(160816, 199360, 762)",,,other,,49248,,Point,
"(143872, 42288, 508)",,,epithelial,,42142,,Point,
"(161088, 83456, 885)",,,other,,47633,,Point,
"(160112, 37232, 561)",,,epithelial,,46635,,Point,
"(43952, 235216, 576)",,,epithelial,,10791,,Point,
"(29632, 155280, 879)",,,epithelial,,3922,,Point,
"(44768, 115056, 797)",,,epithelial,,8645,,Point,
"(29728, 55296, 848)",,,epithelial,,2013,,Point,
"(30016, 204608, 779)",,,epithelial,,4997,,Point,
"(45184, 216096, 344)",,,nucleus,,10409,,Point,
"(29440, 76048, 650)",,,epithelial,,2346,,Point,
"(29296, 120240, 681)",,,epithelial,,3252,,Point,
"(94272, 170400, 670)",,,epithelial,,26596,,Point,
"(112432, 104848, 818)",,,nucleus,,31503,,Point,
"(45120, 222080, 727)",,,split,,10820,,Point,
"(45248, 170912, 806)",,,epithelial,,9823,,Point,
"(100688, 54608, 668)",,,epithelial,,29788,,Point,
"(63168, 243712, 292)",,,nucleus,,16439,,Point,
"(112288, 60848, 775)",,,epithelial,,30422,,Point,
"(104080, 168384, 342)",,,epithelial,,32447,,Point,
"(96096, 225360, 304)",,,epithelial,,27582,,Point,
"(109376, 185696, 467)",,,epithelial,,32877,,Point,
"(144336, 44912, 726)",,,epithelial,,42139,,Point,
"(128688, 225632, 253)",,,epithelial,,40055,,Point,
"(144704, 59776, 862)",,,epithelial,,42409,,Point,
"(161280, 217984, 566)",,,epithelial,,49549,,Point,
"(112448, 26896, 487)",,,epithelial,,29697,,Point,
"(31216, 209120, 838)",,,nucleus,,5001,,Point,
"(104496, 136880, 326)",,,epithelial,,31748,,Point,
"(161552, 41904, 894)",,,epithelial,,47022,,Point,
"(34784, 135424, 341)",,,epithelial,,8812,,Point,
"(127440, 134784, 429)",,,epithelial,,38037,,Point,
"(159728, 46768, 770)",,,epithelial,,46973,,Point,
"(121376, 152272, 795)",,,epithelial,,38255,,Point,
"(95936, 226960, 378)",,,epithelial,,27584,,Point,
"(78800, 187344, 798)",,,nucleus,,21098,,Point,
"(45472, 242320, 318)",,,epithelial,,11165,,Point,
"(80000, 189504, 693)",,,nucleus,,21125,,Point,
"(113088, 169600, 503)",,,epithelial,,38414,,Point,
"(30496, 109248, 797)",,,epithelial,,3040,,Point,
"(106464, 217824, 825)",,,epithelial,,33410,,Point,
"(112384, 76336, 312)",,,epithelial,,30742,,Point,
"(62096, 229392, 422)",,,nucleus,,16064,,Point,
"(33088, 234208, 422)",,,epithelial,,10475,,Point,
"(51648, 104496, 706)",,,epithelial,,13581,,Point,
"(95328, 76896, 468)",,,epithelial,,24878,,Point,
"(77568, 168096, 470)",,,nucleus,,20513,,Point,
"(143792, 121504, 742)",,,other,,43433,,Point,
"(37408, 85664, 724)",,,epithelial,,7929,,Point,
"(52592, 169536, 555)",,,nucleus,,14555,,Point,
"(159680, 38128, 486)",,,epithelial,,46620,,Point,
"(63248, 58304, 543)",,,other,,13310,,Point,
"(57744, 219104, 870)",,,epithelial,,15337,,Point,
"(80480, 217632, 406)",,,nucleus,,26988,,Point,
"(30032, 203888, 931)",,,other,,4996,,Point,
"(64496, 135056, 469)",,,nucleus,,19571,,Point,
"(98560, 21680, 786)",,,epithelial,,28900,,Point,
"(116000, 77296, 714)",,,other,,36719,,Point,
"(66112, 29696, 441)",,,other,,18006,,Point,
"(96496, 62848, 197)",,,epithelial,,30095,,Point,
"(105408, 21024, 366)",,,epithelial,,29251,,Point,
"(149584, 139216, 803)",,,epithelial,,48322,,Point,
"(68288, 235552, 259)",,,epithelial,,21765,,Point,
"(126944, 159664, 930)",,,epithelial,,38664,,Point,
"(115696, 248272, 421)",,,epithelial,,40140,,Point,
"(37680, 36512, 487)",,,other,,7304,,Point,
"(137232, 244352, 182)",,,other,,45094,,Point,
"(120976, 24320, 468)",,,epithelial,,35935,,Point,
"(80928, 140032, 497)",,,other,,25776,,Point,
"(109696, 137312, 325)",,,epithelial,,32256,,Point,
"(82032, 65168, 766)",,,other,,24274,,Point,
"(80608, 74992, 395)",,,other,,24641,,Point,
"(86176, 108272, 462)",,,other,,25362,,Point,
"(151104, 45872, 672)",,,other,,46821,,Point,
"(105488, 22320, 361)",,,epithelial,,29647,,Point,
"(68096, 124960, 699)",,,epithelial,,19722,,Point,
"(160272, 196992, 705)",,,other,,49194,,Point,
"(112992, 143424, 840)",,,epithelial,,38085,,Point,
"(45504, 224944, 804)",,,other,,10865,,Point,
"(104528, 79040, 470)",,,other,,30626,,Point,
"(124336, 61600, 649)",,,epithelial,,36583,,Point,
"(87312, 21216, 728)",,,epithelial,,23215,,Point,
"(109472, 44336, 678)",,,epithelial,,29954,,Point,
"(115744, 36064, 204)",,,epithelial,,35867,,Point,
"(42240, 213280, 400)",,,epithelial,,10380,,Point,
"(105552, 144800, 890)",,,epithelial,,32207,,Point,
"(108064, 65936, 267)",,,epithelial,,30372,,Point,
"(34784, 207680, 920)",,,epithelial,,10227,,Point,
"(145424, 154880, 678)",,,epithelial,,48477,,Point,
"(52896, 101584, 767)",,,epithelial,,13585,,Point,
"(112896, 205968, 530)",,,epithelial,,39360,,Point,
"(85504, 149520, 481)",,,epithelial,,25877,,Point,
"(90560, 96992, 703)",,,epithelial,,25186,,Point,
"(40976, 247376, 285)",,,other,,11077,,Point,
"(109008, 65952, 271)",,,epithelial,,30382,,Point,
"(105440, 143584, 846)",,,other,,32204,,Point,
"(94944, 63360, 193)",,,epithelial,,24574,,Point,
"(31232, 157984, 465)",,,epithelial,,9359,,Point,
"(145248, 185456, 318)",,,epithelial,,48979,,Point,
"(63664, 144736, 294)",,,other,,19952,,Point,
"(46768, 135808, 575)",,,nucleus,,9025,,Point,
"(103968, 151696, 256)",,,other,,32164,,Point,
"(128768, 37232, 225)",,,epithelial,,41642,,Point,
"(39808, 159088, 234)",,,epithelial,,9467,,Point,
"(163296, 209568, 585)",,,other,,56370,,Point,
"(94896, 239616, 863)",,,epithelial,,27950,,Point,
"(98368, 69648, 845)",,,epithelial,,30135,,Point,
"(43296, 224784, 435)",,,other,,10758,,Point,
"(47632, 223200, 423)",,,other,,15512,,Point,
"(121328, 94928, 634)",,,epithelial,,37133,,Point,
"(122832, 23296, 456)",,,epithelial,,35978,,Point,
"(32352, 99728, 390)",,,epithelial,,8155,,Point,
"(48272, 222544, 773)",,,split,,15593,,Point,
"(45664, 64288, 620)",,,other,,7826,,Point,
"(154016, 210048, 641)",,,epithelial,,49388,,Point,
"(139904, 121408, 747)",,,other,,43380,,Point,
"(81872, 137200, 294)",,,epithelial,,25538,,Point,
"(97968, 246480, 705)",,,epithelial,,34036,,Point,
"(80208, 141440, 444)",,,other,,25749,,Point,
"(130096, 119568, 177)",,,other,,42932,,Point,
"(132400, 25552, 646)",,,epithelial,,41707,,Point,
"(77232, 92336, 631)",,,epithelial,,19255,,Point,
"(162176, 41984, 859)",,,epithelial,,51665,,Point,
"(96064, 220544, 663)",,,nucleus,,27585,,Point,
"(74576, 63760, 178)",,,other,,18660,,Point,
"(75984, 93632, 509)",,,epithelial,,19238,,Point,
"(63760, 168240, 738)",,,nucleus,,14712,,Point,
"(82848, 65296, 484)",,,epithelial,,24313,,Point,
"(100704, 39824, 516)",,,other,,29794,,Point,
"(163008, 42160, 894)",,,epithelial,,51685,,Point,
"(46640, 222512, 596)",,,split,,10873,,Point,
"(67632, 153552, 242)",,,epithelial,,20005,,Point,
"(159312, 46928, 872)",,,epithelial,,46989,,Point,
"(98528, 227888, 498)",,,epithelial,,33681,,Point,
"(98144, 227024, 506)",,,other,,33674,,Point,
"(117920, 229088, 891)",,,epithelial,,39852,,Point,
"(97152, 111152, 428)",,,other,,31150,,Point,
"(139040, 236240, 749)",,,other,,45112,,Point,
"(94656, 201264, 344)",,,epithelial,,26929,,Point,
"(49328, 223584, 765)",,,split,,15630,,Point,
"(98512, 192512, 793)",,,epithelial,,32958,,Point,
"(34528, 207280, 908)",,,epithelial,,10216,,Point,
"(42032, 84304, 368)",,,other,,8030,,Point,
"(163344, 182672, 734)",,,epithelial,,55637,,Point,
"(44880, 237088, 901)",,,other,,11166,,Point,
"(117280, 124208, 496)",,,other,,37835,,Point,
"(30096, 120240, 564)",,,epithelial,,8736,,Point,
"(164224, 181632, 750)",,,other,,55682,,Point,
"(126752, 110352, 199)",,,epithelial,,37660,,Point,
"(142688, 27248, 444)",,,epithelial,,41811,,Point,
"(64656, 245312, 346)",,,epithelial,,21717,,Point,
"(132752, 34400, 494)",,,other,,41713,,Point,
"(43536, 238992, 623)",,,epithelial,,11146,,Point,
"(72752, 26192, 353)",,,other,,18081,,Point,
"(103968, 131712, 173)",,,epithelial,,31749,,Point,
"(79280, 78368, 380)",,,epithelial,,19084,,Point,
"(49488, 165232, 569)",,,other,,14534,,Point,
"(33936, 207488, 862)",,,epithelial,,10197,,Point,
"(121936, 201072, 718)",,,epithelial,,39231,,Point,
"(36368, 86080, 681)",,,epithelial,,7933,,Point,
"(129984, 110320, 921)",,,epithelial,,42913,,Point,
"(148688, 43120, 637)",,,other,,46770,,Point,
"(101472, 138992, 508)",,,epithelial,,32105,,Point,
"(47840, 227744, 732)",,,split,,15546,,Point,
"(66288, 131984, 397)",,,other,,19617,,Point,
"(155312, 205136, 181)",,,other,,49426,,Point,
"(28768, 229200, 301)",,,nucleus,,5719,,Point,
"(119648, 187392, 865)",,,epithelial,,39189,,Point,
"(146208, 41568, 802)",,,epithelial,,46735,,Point,
"(63296, 232256, 576)",,,other,,21442,,Point,
"(119280, 187088, 792)",,,epithelial,,39169,,Point,
"(131840, 25136, 665)",,,epithelial,,41693,,Point,
"(40192, 246160, 920)",,,epithelial,,11065,,Point,
"(58192, 219872, 774)",,,epithelial,,16041,,Point,
"(109968, 46528, 288)",,,epithelial,,29980,,Point,
"(95808, 211152, 254)",,,nucleus,,27296,,Point,
"(100736, 53952, 749)",,,epithelial,,29803,,Point,
"(79136, 135728, 256)",,,nucleus,,19928,,Point,
"(68032, 128528, 675)",,,other,,19705,,Point,
"(95216, 64640, 225)",,,epithelial,,24589,,Point,
"(104272, 203712, 717)",,,epithelial,,33375,,Point,
"(67664, 124016, 440)",,,other,,19688,,Point,
"(67584, 123920, 424)",,,other,,19687,,Point,
"(160240, 163888, 334)",,,epithelial,,48629,,Point,
"(126784, 159440, 909)",,,epithelial,,38657,,Point,
"(94848, 170224, 729)",,,epithelial,,26644,,Point,
"(68288, 235856, 232)",,,epithelial,,21762,,Point,
"(162704, 217856, 619)",,,epithelial,,56361,,Point,
"(147808, 73120, 333)",,,epithelial,,47238,,Point,
"(46672, 85040, 528)",,,nucleus,,8115,,Point,
"(94880, 63600, 221)",,,epithelial,,24568,,Point,
"(109520, 45232, 457)",,,epithelial,,29952,,Point,
"(161680, 200144, 785)",,,other,,56159,,Point,
"(150208, 49968, 233)",,,epithelial,,46796,,Point,
"(111216, 137664, 506)",,,epithelial,,32277,,Point,
"(151200, 102896, 591)",,,epithelial,,47720,,Point,
"(36096, 87424, 767)",,,epithelial,,8229,,Point,
"(102752, 195680, 855)",,,epithelial,,33029,,Point,
"(151488, 179760, 389)",,,epithelial,,48812,,Point,
"(66656, 122288, 307)",,,epithelial,,19638,,Point,
"(99936, 243824, 708)",,,epithelial,,34101,,Point,
"(112832, 60736, 850)",,,epithelial,,36439,,Point,
"(49616, 223024, 499)",,,split,,15649,,Point,
"(66688, 131888, 492)",,,epithelial,,19646,,Point,
"(142032, 143712, 389)",,,other,,43708,,Point,
"(57456, 112672, 609)",,,other,,14003,,Point,
"(146288, 41504, 839)",,,epithelial,,46734,,Point,
"(100832, 228496, 810)",,,epithelial,,33738,,Point,
"(135376, 31312, 378)",,,epithelial,,41747,,Point,
"(148976, 221456, 334)",,,epithelial,,49591,,Point,
"(141504, 217968, 759)",,,other,,44716,,Point,
"(101184, 115744, 787)",,,epithelial,,31243,,Point,
"(124320, 85440, 736)",,,nucleus,,36853,,Point,
"(162816, 23744, 583)",,,epithelial,,51271,,Point,
"(86688, 95584, 491)",,,epithelial,,25089,,Point,
"(108640, 243792, 299)",,,epithelial,,34270,,Point,
"(63456, 236944, 642)",,,nucleus,,16438,,Point,
"(154672, 205200, 255)",,,split,,49408,,Point,
"(95424, 152192, 292)",,,nucleus,,26038,,Point,
"(126464, 159072, 885)",,,epithelial,,38621,,Point,
"(65024, 119280, 371)",,,nucleus,,19298,,Point,
"(161408, 84544, 889)",,,other,,52423,,Point,
"(121984, 23792, 488)",,,epithelial,,35944,,Point,
"(99936, 243760, 742)",,,epithelial,,34100,,Point,
"(84512, 186096, 379)",,,nucleus,,26431,,Point,
"(95664, 240208, 858)",,,epithelial,,33973,,Point,
"(116512, 47104, 384)",,,epithelial,,36163,,Point,
"(60688, 109792, 873)",,,epithelial,,14038,,Point,
"(96208, 202096, 732)",,,nucleus,,32926,,Point,
"(94256, 91504, 402)",,,epithelial,,25219,,Point,
"(159600, 167216, 297)",,,epithelial,,48621,,Point,
"(75008, 202880, 631)",,,epithelial,,21377,,Point,
"(161488, 98432, 781)",,,epithelial,,53761,,Point,
"(100944, 114704, 817)",,,epithelial,,31241,,Point,
"(146336, 181584, 661)",,,epithelial,,44339,,Point,
"(36224, 211376, 912)",,,epithelial,,10260,,Point,
"(160224, 191104, 400)",,,epithelial,,49168,,Point,
"(79168, 93232, 623)",,,epithelial,,24912,,Point,
"(49216, 223264, 424)",,,split,,15624,,Point,
"(163344, 164848, 889)",,,epithelial,,55170,,Point,
"(99008, 192016, 838)",,,epithelial,,32962,,Point,
"(52000, 221568, 753)",,,split,,15741,,Point,
"(45376, 195200, 213)",,,nucleus,,10079,,Point,
"(148320, 183072, 616)",,,epithelial,,48721,,Point,
"(46640, 47424, 232)",,,epithelial,,7569,,Point,
"(43488, 222320, 454)",,,epithelial,,10773,,Point,
"(69680, 128144, 636)",,,epithelial,,19785,,Point,
"(42832, 53568, 433)",,,epithelial,,7528,,Point,
"(149168, 232032, 572)",,,other,,49597,,Point,
"(117584, 123216, 539)",,,other,,37841,,Point,
"(157552, 44304, 584)",,,other,,46943,,Point,
"(104016, 234848, 645)",,,epithelial,,33793,,Point,
"(162416, 199920, 762)",,,other,,56160,,Point,
"(68800, 128384, 593)",,,epithelial,,19749,,Point,
"(96016, 108400, 620)",,,epithelial,,31096,,Point,
"(99952, 243968, 798)",,,epithelial,,34096,,Point,
"(106224, 194992, 883)",,,epithelial,,33106,,Point,
"(46400, 54896, 259)",,,nucleus,,7566,,Point,
"(51888, 181472, 361)",,,epithelial,,14799,,Point,
"(66528, 131888, 445)",,,epithelial,,19618,,Point,
"(100736, 235392, 842)",,,epithelial,,33709,,Point,
"(160304, 131248, 777)",,,epithelial,,48233,,Point,
"(52448, 222384, 762)",,,split,,15768,,Point,
"(160256, 234096, 739)",,,epithelial,,49793,,Point,
"(142640, 243936, 907)",,,epithelial,,45158,,Point,
"(159232, 152064, 645)",,,epithelial,,48428,,Point,
"(47392, 29216, 158)",,,epithelial,,12619,,Point,
"(71952, 53904, 672)",,,nucleus,,18286,,Point,
"(82800, 71424, 687)",,,nucleus,,24306,,Point,
"(29088, 119776, 614)",,,nucleus,,3006,,Point,
"(113568, 143648, 888)",,,epithelial,,38088,,Point,
"(111200, 217328, 363)",,,nucleus,,33553,,Point,
"(52144, 221600, 692)",,,other,,15747,,Point,
"(145936, 41456, 880)",,,epithelial,,46700,,Point,
"(121824, 152176, 253)",,,epithelial,,38265,,Point,
"(63664, 141456, 364)",,,epithelial,,14477,,Point,
"(148512, 183184, 669)",,,epithelial,,48720,,Point,
"(144624, 247328, 823)",,,epithelial,,45233,,Point,
"(69712, 83392, 207)",,,epithelial,,18873,,Point,
"(42192, 214560, 833)",,,epithelial,,10376,,Point,
"(117040, 183104, 908)",,,epithelial,,38784,,Point,
"(79392, 123552, 722)",,,epithelial,,19926,,Point,
"(68832, 235888, 182)",,,epithelial,,21764,,Point,
"(52592, 224800, 641)",,,epithelial,,15744,,Point,
"(96800, 165008, 325)",,,nucleus,,32318,,Point,
"(94704, 151296, 320)",,,nucleus,,26034,,Point,
"(63120, 179248, 410)",,,nucleus,,14952,,Point,
"(112032, 108112, 240)",,,epithelial,,31485,,Point,
"(29280, 110048, 440)",,,epithelial,,3009,,Point,
"(45520, 179760, 247)",,,nucleus,,9824,,Point,
"(62928, 212816, 564)",,,nucleus,,15404,,Point,
"(68256, 125008, 635)",,,epithelial,,19704,,Point,
"(90992, 97072, 655)",,,epithelial,,25188,,Point,
"(111888, 142192, 724)",,,epithelial,,32289,,Point,
"(143856, 165920, 766)",,,epithelial,,44003,,Point,
"(119392, 187120, 903)",,,epithelial,,39161,,Point,
"(161472, 40832, 502)",,,epithelial,,51638,,Point,
"(47520, 29456, 235)",,,epithelial,,12620,,Point,
"(44784, 217520, 568)",,,nucleus,,10411,,Point,
"(62784, 147984, 715)",,,nucleus,,14481,,Point,
"(111232, 183376, 730)",,,nucleus,,32896,,Point,
"(79296, 156736, 603)",,,epithelial,,20547,,Point,
"(53904, 135904, 594)",,,nucleus,,14151,,Point,
"(98096, 79664, 709)",,,epithelial,,30472,,Point,
"(162048, 41072, 569)",,,epithelial,,51654,,Point,
"(130352, 123984, 741)",,,epithelial,,43252,,Point,
"(53024, 222560, 857)",,,split,,15809,,Point,
"(150080, 211216, 281)",,,other,,49321,,Point,
"(46832, 232528, 688)",,,nucleus,,10878,,Point,
"(28832, 45328, 466)",,,nucleus,,1658,,Point,
"(144016, 232336, 225)",,,epithelial,,44990,,Point,
"(40368, 218016, 789)",,,split,,10355,,Point,
"(30320, 203744, 655)",,,nucleus,,4994,,Point,
"(33664, 202288, 787)",,,nucleus,,9891,,Point,
"(57232, 112960, 547)",,,other,,13999,,Point,
"(160240, 181504, 503)",,,epithelial,,48906,,Point,
"(80784, 168080, 647)",,,nucleus,,26071,,Point,
"(82400, 152864, 498)",,,nucleus,,25813,,Point,
"(94464, 174624, 387)",,,nucleus,,26599,,Point,
"(111872, 118208, 550)",,,nucleus,,31490,,Point,
"(160992, 192224, 425)",,,epithelial,,49199,,Point,
"(68288, 141168, 850)",,,epithelial,,20024,,Point,
"(59184, 109296, 816)",,,epithelial,,14020,,Point,
"(56512, 115376, 567)",,,other,,13986,,Point,
"(29552, 232128, 558)",,,epithelial,,5720,,Point,
"(55792, 201856, 686)",,,epithelial,,15084,,Point,
"(98400, 246592, 789)",,,epithelial,,34035,,Point,
"(100256, 227360, 691)",,,epithelial,,33707,,Point,
"(146752, 21520, 642)",,,epithelial,,45850,,Point,
"(62080, 57232, 546)",,,epithelial,,13282,,Point,
"(98480, 119616, 475)",,,nucleus,,31189,,Point,
"(164416, 133136, 907)",,,epithelial,,54391,,Point,
"(75744, 168320, 801)",,,nucleus,,20481,,Point,
"(56112, 168272, 752)",,,nucleus,,14603,,Point,
"(34624, 104848, 686)",,,epithelial,,8503,,Point,
"(52016, 227856, 611)",,,split,,15683,,Point,
"(62256, 222608, 350)",,,nucleus,,16071,,Point,
"(33456, 108896, 774)",,,epithelial,,8478,,Point,
"(74816, 202912, 554)",,,epithelial,,21370,,Point,
"(163968, 164640, 797)",,,epithelial,,55166,,Point,
"(67328, 58800, 783)",,,epithelial,,18515,,Point,
"(67040, 138912, 771)",,,epithelial,,19994,,Point,
"(158144, 190560, 378)",,,other,,49125,,Point,
"(29648, 164640, 514)",,,epithelial,,3929,,Point,
"(161920, 98944, 733)",,,epithelial,,53756,,Point,
"(87888, 203040, 772)",,,epithelial,,27165,,Point,
"(48176, 228560, 784)",,,split,,15514,,Point,
"(26800, 21280, 783)",,,nucleus,,807,,Point,
"(141936, 127632, 236)",,,epithelial,,43400,,Point,
"(64176, 70576, 292)",,,nucleus,,18412,,Point,
"(55264, 205328, 315)",,,epithelial,,15295,,Point,
"(46096, 174832, 812)",,,nucleus,,9842,,Point,
"(78880, 33904, 376)",,,epithelial,,18185,,Point,
"(73024, 68464, 798)",,,epithelial,,18601,,Point,
"(146192, 192720, 548)",,,epithelial,,48976,,Point,
"(62096, 146736, 690)",,,nucleus,,14465,,Point,
"(121568, 169104, 840)",,,nucleus,,38554,,Point,
"(156720, 146688, 236)",,,epithelial,,48389,,Point,
"(92544, 41120, 523)",,,epithelial,,24059,,Point,
"(109024, 216000, 341)",,,epithelial,,33486,,Point,
"(101024, 147328, 609)",,,epithelial,,32095,,Point,
"(50688, 230816, 483)",,,epithelial,,15667,,Point,
"(100576, 98304, 270)",,,epithelial,,30893,,Point,
"(163664, 182720, 594)",,,epithelial,,55613,,Point,
"(29120, 81216, 518)",,,nucleus,,2344,,Point,
"(75808, 71728, 696)",,,epithelial,,18954,,Point,
"(43440, 221888, 413)",,,epithelial,,10724,,Point,
"(128688, 213024, 725)",,,epithelial,,44462,,Point,
"(90272, 206528, 250)",,,epithelial,,27210,,Point,
"(110096, 118272, 671)",,,epithelial,,31418,,Point,
"(40768, 246784, 812)",,,epithelial,,11066,,Point,
"(68416, 129392, 601)",,,epithelial,,19709,,Point,
"(108848, 123776, 603)",,,epithelial,,31907,,Point,
"(100608, 231136, 600)",,,epithelial,,33706,,Point,
"(29680, 240768, 601)",,,nucleus,,6070,,Point,
"(101456, 42816, 727)",,,epithelial,,29795,,Point,
"(66080, 46624, 609)",,,epithelial,,18248,,Point,
"(162096, 61056, 242)",,,epithelial,,52122,,Point,
"(65408, 132512, 825)",,,epithelial,,19586,,Point,
"(106064, 195456, 752)",,,epithelial,,33085,,Point,
"(101728, 55968, 728)",,,epithelial,,30213,,Point,
"(98928, 55104, 645)",,,epithelial,,30159,,Point,
"(30400, 46832, 584)",,,nucleus,,1688,,Point,
"(43952, 99696, 619)",,,epithelial,,8378,,Point,
"(36208, 98080, 332)",,,epithelial,,8216,,Point,
"(137328, 75696, 631)",,,epithelial,,42540,,Point,
"(101424, 136224, 728)",,,nucleus,,31695,,Point,
"(31888, 71456, 498)",,,nucleus,,7609,,Point,
"(40480, 164304, 742)",,,epithelial,,9473,,Point,
"(42672, 239984, 676)",,,epithelial,,11103,,Point,
"(41008, 151392, 804)",,,epithelial,,9178,,Point,
"(99968, 41680, 545)",,,epithelial,,29776,,Point,
"(93360, 200400, 721)",,,epithelial,,26907,,Point,
"(99184, 246240, 473)",,,other,,34080,,Point,
"(123248, 110720, 676)",,,epithelial,,37586,,Point,
"(53104, 92432, 856)",,,epithelial,,13580,,Point,
"(77120, 112928, 752)",,,epithelial,,19513,,Point,
"(117008, 49936, 444)",,,epithelial,,36165,,Point,
"(92608, 38832, 570)",,,epithelial,,24061,,Point,
"(91552, 82272, 671)",,,epithelial,,24746,,Point,
"(136752, 90096, 304)",,,epithelial,,42743,,Point,
"(117600, 208208, 231)",,,epithelial,,39462,,Point,
"(67328, 122272, 398)",,,epithelial,,19641,,Point,
"(98400, 95648, 741)",,,epithelial,,30805,,Point,
"(105376, 229872, 234)",,,epithelial,,33836,,Point,
"(78144, 192160, 849)",,,epithelial,,21092,,Point,
"(140352, 64208, 544)",,,epithelial,,42374,,Point,
"(126240, 187856, 774)",,,epithelial,,39299,,Point,
"(41120, 34512, 302)",,,epithelial,,7328,,Point,
"(36480, 101040, 334)",,,epithelial,,8234,,Point,
"(40672, 159120, 328)",,,epithelial,,9465,,Point,
"(124320, 45520, 799)",,,epithelial,,36275,,Point,
"(40976, 180288, 767)",,,epithelial,,9764,,Point,
"(75168, 84064, 506)",,,epithelial,,18958,,Point,
"(87856, 171200, 246)",,,epithelial,,26470,,Point,
"(93472, 27520, 737)",,,epithelial,,23855,,Point,
"(104816, 232736, 366)",,,epithelial,,33822,,Point,
"(129408, 101680, 667)",,,epithelial,,42635,,Point,
"(48608, 80432, 722)",,,epithelial,,13336,,Point,
"(105008, 24608, 331)",,,epithelial,,29625,,Point,
"(97776, 141344, 561)",,,epithelial,,32036,,Point,
"(134704, 92384, 339)",,,epithelial,,42722,,Point,
"(75376, 31776, 233)",,,epithelial,,18136,,Point,
"(77312, 92576, 524)",,,epithelial,,19246,,Point,
"(51728, 181328, 463)",,,epithelial,,14791,,Point,
"(47824, 228208, 674)",,,split,,15494,,Point,
"(129120, 197872, 821)",,,epithelial,,44348,,Point,
"(85088, 51408, 751)",,,epithelial,,23988,,Point,
"(129648, 209344, 693)",,,epithelial,,44473,,Point,
"(103392, 195808, 760)",,,epithelial,,33032,,Point,
"(115376, 206816, 307)",,,epithelial,,39406,,Point,
"(125584, 232144, 681)",,,epithelial,,39949,,Point,
"(65456, 75264, 819)",,,epithelial,,18766,,Point,
"(120224, 94928, 747)",,,epithelial,,37072,,Point,
"(122000, 143296, 455)",,,epithelial,,38272,,Point,
"(45328, 221984, 580)",,,split,,10824,,Point,
"(131072, 141680, 264)",,,epithelial,,43499,,Point,
"(43584, 238800, 684)",,,epithelial,,11133,,Point,
"(56416, 197856, 454)",,,epithelial,,15091,,Point,
"(35216, 129360, 811)",,,epithelial,,8814,,Point,
"(98656, 80384, 783)",,,epithelial,,30470,,Point,
"(150672, 49984, 404)",,,epithelial,,46802,,Point,
"(103056, 26016, 214)",,,epithelial,,29584,,Point,
"(84352, 149648, 532)",,,epithelial,,25835,,Point,
"(68000, 79616, 335)",,,epithelial,,18816,,Point,
"(57312, 35248, 626)",,,epithelial,,12720,,Point,
"(121632, 89568, 369)",,,epithelial,,37098,,Point,
"(53568, 27296, 748)",,,epithelial,,12668,,Point,
"(60224, 67504, 224)",,,epithelial,,13242,,Point,
"(77184, 111488, 751)",,,epithelial,,19512,,Point,
"(33216, 100512, 420)",,,epithelial,,8159,,Point,
"(142368, 144720, 344)",,,epithelial,,43682,,Point,
"(100880, 132560, 462)",,,epithelial,,31673,,Point,
"(41904, 229968, 488)",,,epithelial,,10659,,Point,
"(123168, 61440, 799)",,,epithelial,,36564,,Point,
"(154128, 43568, 545)",,,epithelial,,46881,,Point,
"(125024, 51456, 536)",,,epithelial,,36280,,Point,
"(105808, 150112, 594)",,,epithelial,,32198,,Point,
"(44720, 50080, 281)",,,epithelial,,7554,,Point,
"(32480, 192912, 458)",,,epithelial,,9877,,Point,
"(153008, 109392, 397)",,,epithelial,,47888,,Point,
"(112912, 228256, 285)",,,epithelial,,39715,,Point,
"(45520, 248416, 410)",,,nucleus,,11163,,Point,
"(49104, 185792, 551)",,,nucleus,,14759,,Point,
"(135088, 121392, 810)",,,epithelial,,43318,,Point,
"(42224, 62144, 535)",,,epithelial,,7782,,Point,
"(74144, 153840, 318)",,,epithelial,,20439,,Point,
"(141248, 143328, 275)",,,epithelial,,43673,,Point,
"(58416, 151184, 327)",,,epithelial,,14423,,Point,
"(32256, 174640, 327)",,,epithelial,,9605,,Point,
"(106096, 60448, 447)",,,epithelial,,30323,,Point,
"(70480, 34144, 635)",,,epithelial,,18038,,Point,
"(114016, 188240, 754)",,,epithelial,,39011,,Point,
"(30992, 36576, 638)",,,epithelial,,7196,,Point,
"(76624, 94368, 480)",,,epithelial,,19236,,Point,
"(152272, 139152, 863)",,,epithelial,,48339,,Point,
"(56928, 196160, 366)",,,epithelial,,15106,,Point,
"(84768, 32384, 628)",,,epithelial,,23680,,Point,
"(105600, 84512, 313)",,,epithelial,,30636,,Point,
"(57232, 114128, 473)",,,epithelial,,13990,,Point,
"(67760, 57568, 742)",,,epithelial,,18514,,Point,
"(64432, 50240, 786)",,,epithelial,,18230,,Point,
"(59344, 42384, 833)",,,epithelial,,12970,,Point,
"(47056, 226800, 618)",,,split,,15444,,Point,
"(92480, 149440, 590)",,,epithelial,,25990,,Point,
"(66576, 43728, 509)",,,epithelial,,18249,,Point,
"(85328, 224928, 334)",,,epithelial,,27407,,Point,
"(53904, 104864, 521)",,,epithelial,,13961,,Point,
"(59936, 217984, 573)",,,nucleus,,15372,,Point,
"(60480, 76528, 560)",,,epithelial,,13454,,Point,
"(50992, 89888, 230)",,,epithelial,,13564,,Point,
"(110288, 85264, 305)",,,epithelial,,30705,,Point,
"(37200, 205152, 632)",,,epithelial,,10259,,Point,
"(146032, 121824, 622)",,,epithelial,,48049,,Point,
"(155568, 210064, 667)",,,epithelial,,49385,,Point,
"(101728, 114768, 803)",,,epithelial,,31239,,Point,
"(122688, 30848, 587)",,,epithelial,,35952,,Point,
"(100304, 219728, 626)",,,epithelial,,33701,,Point,
"(80368, 25136, 796)",,,epithelial,,23648,,Point,
"(37344, 93168, 489)",,,epithelial,,8253,,Point,
"(67776, 129344, 827)",,,epithelial,,19677,,Point,
"(103472, 217456, 731)",,,epithelial,,33350,,Point,
"(96480, 61168, 414)",,,epithelial,,30061,,Point,
"(140944, 139776, 589)",,,epithelial,,43664,,Point,
"(101936, 35936, 307)",,,epithelial,,29555,,Point,
"(109792, 244992, 307)",,,epithelial,,34276,,Point,
"(123072, 204720, 233)",,,epithelial,,39590,,Point,
"(46896, 134368, 589)",,,epithelial,,14089,,Point,
"(124320, 47552, 575)",,,epithelial,,36276,,Point,
"(87392, 32160, 321)",,,epithelial,,23744,,Point,
"(53328, 43648, 345)",,,epithelial,,12888,,Point,
"(132944, 228080, 628)",,,epithelial,,44851,,Point,
"(145792, 154656, 803)",,,epithelial,,48472,,Point,
"(89424, 238272, 541)",,,epithelial,,27819,,Point,
"(80400, 58528, 520)",,,epithelial,,24193,,Point,
"(150848, 221856, 284)",,,epithelial,,49627,,Point,
"(96224, 238352, 720)",,,epithelial,,33972,,Point,
"(69872, 208816, 761)",,,epithelial,,21275,,Point,
"(75728, 226048, 402)",,,epithelial,,21616,,Point,
"(68256, 188112, 720)",,,epithelial,,20925,,Point,
"(86624, 22320, 414)",,,nucleus,,23211,,Point,
"(60416, 241936, 576)",,,epithelial,,16364,,Point,
"(124528, 122064, 723)",,,epithelial,,37966,,Point,
"(82416, 244128, 655)",,,epithelial,,27687,,Point,
"(51200, 104768, 506)",,,epithelial,,13919,,Point,
"(77136, 248048, 664)",,,epithelial,,21912,,Point,
"(87424, 91952, 223)",,,epithelial,,25093,,Point,
"(27872, 54944, 406)",,,nucleus,,1642,,Point,
"(121152, 112192, 336)",,,epithelial,,37558,,Point,
"(130768, 145168, 805)",,,epithelial,,43506,,Point,
"(45008, 96864, 475)",,,epithelial,,8403,,Point,
"(41568, 204784, 715)",,,epithelial,,10364,,Point,
"(138544, 203376, 561)",,,epithelial,,44642,,Point,
"(112912, 138032, 446)",,,epithelial,,38068,,Point,
"(118400, 167392, 566)",,,epithelial,,38508,,Point,
"(148288, 33616, 574)",,,epithelial,,46502,,Point,
"(159312, 156272, 342)",,,epithelial,,48614,,Point,
"(125632, 26976, 331)",,,epithelial,,36030,,Point,
"(83376, 216064, 479)",,,epithelial,,27034,,Point,
"(113760, 160848, 524)",,,epithelial,,38409,,Point,
"(135312, 170736, 609)",,,epithelial,,44171,,Point,
"(104000, 80160, 448)",,,epithelial,,30599,,Point,
"(152848, 48304, 875)",,,epithelial,,46864,,Point,
"(101424, 133568, 339)",,,epithelial,,31687,,Point,
"(91456, 47360, 516)",,,epithelial,,24045,,Point,
"(41184, 85952, 265)",,,epithelial,,8008,,Point,
"(40944, 41568, 308)",,,epithelial,,7456,,Point,
"(99920, 184112, 335)",,,epithelial,,32667,,Point,
"(99488, 248304, 873)",,,epithelial,,34083,,Point,
"(35840, 56192, 351)",,,epithelial,,7681,,Point,
"(25712, 83776, 643)",,,epithelial,,2303,,Point,
"(63968, 217248, 541)",,,epithelial,,21173,,Point,
"(64864, 245600, 453)",,,epithelial,,21715,,Point,
"(154592, 112624, 488)",,,epithelial,,47926,,Point,
"(60544, 96368, 280)",,,epithelial,,13689,,Point,
"(89712, 23648, 488)",,,epithelial,,23804,,Point,
"(75920, 200816, 504)",,,epithelial,,21038,,Point,
"(134192, 28112, 666)",,,epithelial,,41723,,Point,
"(42784, 213520, 510)",,,epithelial,,10383,,Point,
"(118000, 130240, 464)",,,epithelial,,37844,,Point,
"(102800, 35968, 449)",,,epithelial,,29565,,Point,
"(98016, 129888, 469)",,,epithelial,,31532,,Point,
"(74080, 25248, 214)",,,epithelial,,18098,,Point,
"(92672, 237424, 699)",,,epithelial,,27868,,Point,
"(162976, 29760, 820)",,,epithelial,,51263,,Point,
"(157216, 42368, 671)",,,epithelial,,46922,,Point,
"(99664, 237264, 602)",,,epithelial,,34079,,Point,
"(106576, 166480, 468)",,,epithelial,,32488,,Point,
"(162544, 45856, 557)",,,epithelial,,51636,,Point,
"(136384, 199680, 373)",,,epithelial,,44406,,Point,
"(130064, 227152, 422)",,,epithelial,,44806,,Point,
"(71232, 77504, 226)",,,epithelial,,18885,,Point,
"(150672, 45776, 701)",,,epithelial,,46781,,Point,
"(59840, 170672, 406)",,,epithelial,,14857,,Point,
"(139952, 108000, 589)",,,epithelial,,43164,,Point,
"(75920, 189616, 489)",,,epithelial,,21048,,Point,
"(97808, 49856, 417)",,,epithelial,,29727,,Point,
"(80480, 42304, 423)",,,epithelial,,23916,,Point,
"(99584, 107616, 187)",,,epithelial,,31198,,Point,
"(161632, 35952, 782)",,,epithelial,,51238,,Point,
"(56976, 161008, 667)",,,epithelial,,14616,,Point,
"(113296, 222752, 522)",,,epithelial,,39749,,Point,
"(96096, 122048, 385)",,,epithelial,,31518,,Point,
"(84704, 185296, 788)",,,nucleus,,26422,,Point,
"(156336, 228080, 566)",,,epithelial,,49712,,Point,
"(90608, 80832, 464)",,,epithelial,,24726,,Point,
"(162352, 28512, 247)",,,epithelial,,51246,,Point,
"(78464, 237712, 705)",,,nucleus,,21965,,Point,
"(105280, 89952, 542)",,,epithelial,,30952,,Point,
"(31888, 146016, 418)",,,epithelial,,9057,,Point,
"(151040, 216320, 657)",,,epithelial,,49325,,Point,
"(155568, 120960, 727)",,,epithelial,,48168,,Point,
"(124208, 91584, 411)",,,epithelial,,37245,,Point,
"(134560, 163520, 512)",,,epithelial,,43869,,Point,
"(76336, 162176, 429)",,,epithelial,,20497,,Point,
"(77072, 33360, 474)",,,epithelial,,18171,,Point,
"(34816, 75360, 496)",,,epithelial,,7901,,Point,
"(30976, 35504, 423)",,,epithelial,,7191,,Point,
"(81376, 95696, 327)",,,epithelial,,24949,,Point,
"(85600, 195744, 309)",,,nucleus,,26765,,Point,
"(78416, 174576, 403)",,,nucleus,,20853,,Point,
"(103152, 132240, 276)",,,epithelial,,31730,,Point,
"(75648, 225488, 748)",,,epithelial,,21610,,Point,
"(31408, 51856, 294)",,,nucleus,,7394,,Point,
"(150416, 43248, 629)",,,epithelial,,46774,,Point,
"(77600, 238352, 500)",,,epithelial,,21911,,Point,
"(152736, 57136, 411)",,,epithelial,,47105,,Point,
"(54832, 192544, 457)",,,epithelial,,15074,,Point,
"(103232, 33248, 345)",,,epithelial,,29595,,Point,
"(40976, 174032, 580)",,,nucleus,,9761,,Point,
"(163360, 182368, 425)",,,epithelial,,55611,,Point,
"(32416, 63408, 267)",,,nucleus,,7624,,Point,
"(125440, 215072, 304)",,,epithelial,,39629,,Point,
"(147952, 178704, 240)",,,epithelial,,48689,,Point,
"(45600, 233552, 403)",,,nucleus,,10826,,Point,
"(52304, 126112, 497)",,,epithelial,,14146,,Point,
"(32464, 199024, 548)",,,nucleus,,9879,,Point,
"(80864, 243792, 263)",,,nucleus,,27627,,Point,
"(135856, 31056, 482)",,,epithelial,,41742,,Point,
"(141184, 205552, 470)",,,epithelial,,44700,,Point,
"(96960, 162720, 340)",,,nucleus,,32316,,Point,
"(127168, 151168, 372)",,,epithelial,,38367,,Point,
"(124160, 56144, 515)",,,nucleus,,36570,,Point,
"(84864, 93920, 283)",,,nucleus,,25054,,Point,
"(26992, 109936, 372)",,,epithelial,,2993,,Point,
"(81648, 162928, 409)",,,epithelial,,26093,,Point,
"(151728, 180000, 495)",,,epithelial,,48802,,Point,
"(54112, 31200, 627)",,,nucleus,,12676,,Point,
"(82432, 149616, 262)",,,nucleus,,25809,,Point,
"(68096, 240608, 532)",,,epithelial,,21747,,Point,
"(59360, 217840, 700)",,,nucleus,,15369,,Point,
"(51872, 221648, 537)",,,split,,15677,,Point,
"(150784, 66512, 342)",,,epithelial,,47068,,Point,
"(151216, 73504, 461)",,,epithelial,,47261,,Point,
"(26096, 23296, 230)",,,nucleus,,1306,,Point,
"(39072, 71664, 245)",,,nucleus,,7961,,Point,
"(87088, 190384, 302)",,,epithelial,,26773,,Point,
"(52592, 33824, 216)",,,nucleus,,12660,,Point,
"(32656, 115856, 553)",,,nucleus,,8475,,Point,
"(86400, 207120, 653)",,,nucleus,,27104,,Point,
"(86576, 230672, 812)",,,nucleus,,27420,,Point,
"(41312, 180304, 259)",,,nucleus,,9768,,Point,
"(65264, 129264, 531)",,,nucleus,,19591,,Point,
"(93056, 159712, 429)",,,epithelial,,26326,,Point,
"(80176, 181840, 273)",,,nucleus,,26368,,Point,
"(117904, 64480, 382)",,,epithelial,,36464,,Point,
"(93520, 49728, 312)",,,nucleus,,24137,,Point,
"(74160, 163888, 729)",,,nucleus,,20446,,Point,
"(74944, 74416, 719)",,,nucleus,,18947,,Point,
"(72448, 208512, 278)",,,nucleus,,21326,,Point,
"(66576, 237696, 800)",,,nucleus,,21736,,Point,
"(57248, 29360, 296)",,,epithelial,,12718,,Point,
"(42464, 98176, 606)",,,nucleus,,8363,,Point,
"(87920, 48512, 289)",,,nucleus,,24025,,Point,
"(90672, 69184, 380)",,,nucleus,,24424,,Point,
"(40432, 36368, 273)",,,nucleus,,7322,,Point,
"(129568, 170752, 782)",,,nucleus,,44070,,Point,
"(122576, 108352, 552)",,,nucleus,,37575,,Point,
"(98224, 22624, 554)",,,nucleus,,29512,,Point,
"(116240, 162608, 776)",,,nucleus,,38487,,Point,
"(97536, 193296, 407)",,,epithelial,,32937,,Point,
"(52272, 83200, 823)",,,nucleus,,13363,,Point,
"(49232, 104672, 572)",,,nucleus,,13877,,Point,
"(115696, 198992, 520)",,,nucleus,,39044,,Point,
"(115152, 172416, 809)",,,nucleus,,38759,,Point,
"(53008, 59584, 724)",,,nucleus,,13134,,Point,
"(55040, 73088, 582)",,,nucleus,,13396,,Point,
"(68224, 121040, 569)",,,nucleus,,19692,,Point,
"(108048, 224496, 366)",,,nucleus,,33871,,Point,
"(41584, 193536, 590)",,,nucleus,,10015,,Point,
"(66400, 29040, 504)",,,nucleus,,18004,,Point,
"(58496, 67008, 437)",,,epithelial,,13214,,Point,
"(114928, 247616, 693)",,,nucleus,,40109,,Point,
"(53664, 149472, 455)",,,nucleus,,14383,,Point,
"(84976, 216112, 380)",,,nucleus,,27053,,Point,
"(63120, 181424, 390)",,,epithelial,,20572,,Point,
"(98352, 246480, 415)",,,epithelial,,34038,,Point,
"(113552, 65488, 290)",,,epithelial,,36435,,Point,
"(124112, 32384, 541)",,,nucleus,,35996,,Point,
"(89568, 198192, 388)",,,nucleus,,26829,,Point,
"(114272, 225520, 576)",,,nucleus,,39781,,Point,
"(31888, 109216, 642)",,,nucleus,,8461,,Point,
"(85520, 139104, 352)",,,nucleus,,25854,,Point,
"(55152, 213152, 599)",,,nucleus,,15284,,Point,
"(60192, 206560, 545)",,,nucleus,,15381,,Point,
"(145904, 186464, 393)",,,epithelial,,48974,,Point,
"(149456, 181024, 838)",,,epithelial,,48724,,Point,
"(64592, 125008, 338)",,,nucleus,,19584,,Point,
"(87472, 160976, 322)",,,epithelial,,26173,,Point,
"(113520, 205248, 422)",,,epithelial,,39358,,Point,
"(154880, 46352, 660)",,,epithelial,,46896,,Point,
"(108288, 31472, 773)",,,nucleus,,29664,,Point,
"(59184, 208400, 638)",,,nucleus,,15371,,Point,
"(110000, 219504, 544)",,,nucleus,,33896,,Point,
"(96368, 81008, 693)",,,nucleus,,30437,,Point,
"(86256, 33776, 507)",,,epithelial,,23719,,Point,
"(90688, 239856, 361)",,,nucleus,,27854,,Point,
"(118080, 189408, 504)",,,nucleus,,39082,,Point,
"(55408, 245744, 381)",,,nucleus,,16259,,Point,
"(60800, 109104, 797)",,,nucleus,,14039,,Point,
"(106144, 197072, 356)",,,epithelial,,33104,,Point,
"(88416, 140592, 695)",,,nucleus,,25964,,Point,
"(53936, 115376, 807)",,,nucleus,,13965,,Point,
"(80320, 182736, 219)",,,nucleus,,26369,,Point,
"(39104, 146480, 774)",,,nucleus,,9161,,Point,
"(57984, 246128, 423)",,,nucleus,,16305,,Point,
"(83024, 58368, 672)",,,nucleus,,24302,,Point,
"(117312, 191552, 704)",,,nucleus,,39077,,Point,
"(83248, 121584, 614)",,,nucleus,,25548,,Point,
"(66816, 236320, 491)",,,nucleus,,21739,,Point,
"(89312, 213472, 781)",,,nucleus,,27198,,Point,
"(104000, 46432, 404)",,,nucleus,,29871,,Point,
"(41120, 69568, 331)",,,nucleus,,7773,,Point,
"(54928, 179584, 362)",,,nucleus,,14829,,Point,
"(64976, 56048, 721)",,,nucleus,,18423,,Point,
"(74464, 246912, 692)",,,nucleus,,21883,,Point,
"(34416, 214144, 274)",,,nucleus,,10199,,Point,
"(150016, 28688, 715)",,,nucleus,,46524,,Point,
"(72832, 159344, 443)",,,nucleus,,20417,,Point,
"(77952, 129232, 364)",,,nucleus,,19903,,Point,
"(80048, 22432, 682)",,,nucleus,,23643,,Point,
"(96336, 164544, 416)",,,nucleus,,32311,,Point,
"(53776, 157936, 230)",,,nucleus,,14571,,Point,
"(54560, 163248, 236)",,,nucleus,,14579,,Point,
"(87760, 131344, 449)",,,nucleus,,25624,,Point,
"(77968, 28240, 539)",,,nucleus,,18183,,Point,
"(65024, 209040, 714)",,,nucleus,,21182,,Point,
"(94016, 162656, 632)",,,nucleus,,26337,,Point,
"(93632, 78640, 467)",,,nucleus,,24859,,Point,
"(134448, 168160, 338)",,,nucleus,,43872,,Point,
"(115536, 97680, 498)",,,nucleus,,36971,,Point,
"(78352, 127648, 569)",,,nucleus,,19904,,Point,
"(77504, 242208, 626)",,,nucleus,,21930,,Point,
"(73792, 214800, 819)",,,nucleus,,21351,,Point,
"(28800, 41040, 511)",,,nucleus,,1664,,Point,
"(94240, 68752, 329)",,,nucleus,,24505,,Point,
"(118704, 174544, 728)",,,nucleus,,38795,,Point,
"(67072, 105696, 268)",,,nucleus,,19333,,Point,
"(76432, 85856, 506)",,,nucleus,,19011,,Point,
"(89664, 172896, 780)",,,nucleus,,26491,,Point,
"(26512, 205728, 818)",,,nucleus,,4901,,Point,
"(107776, 177728, 762)",,,nucleus,,32851,,Point,
"(26976, 217920, 653)",,,nucleus,,4923,,Point,
"(57312, 131328, 705)",,,nucleus,,14207,,Point,
"(87808, 182592, 507)",,,nucleus,,26477,,Point,
"(72144, 143280, 490)",,,nucleus,,20076,,Point,
"(43840, 61360, 515)",,,nucleus,,7805,,Point,
"(39888, 96800, 473)",,,nucleus,,8313,,Point,
"(106352, 156896, 703)",,,nucleus,,32490,,Point,
"(124272, 141344, 835)",,,nucleus,,38324,,Point,
"(135568, 44992, 818)",,,epithelial,,41986,,Point,
"(59488, 85824, 422)",,,nucleus,,13441,,Point,
"(59712, 170128, 663)",,,nucleus,,14864,,Point,
"(109984, 236640, 392)",,,nucleus,,34279,,Point,
"(30064, 50448, 285)",,,nucleus,,1685,,Point,
"(103232, 134432, 429)",,,nucleus,,31732,,Point,
"(96416, 62672, 440)",,,nucleus,,30054,,Point,
"(124512, 117408, 361)",,,nucleus,,37605,,Point,
"(70176, 136976, 459)",,,nucleus,,20059,,Point,
"(114192, 65264, 667)",,,nucleus,,36444,,Point,
"(66048, 151152, 408)",,,nucleus,,19974,,Point,
"(82128, 64240, 840)",,,nucleus,,24245,,Point,
"(42320, 186256, 591)",,,nucleus,,10041,,Point,
"(118992, 29136, 395)",,,nucleus,,35906,,Point,
"(77680, 125168, 386)",,,nucleus,,19902,,Point,
"(59472, 149248, 468)",,,nucleus,,14431,,Point,
"(88208, 84688, 652)",,,nucleus,,24703,,Point,
"(60320, 148640, 228)",,,nucleus,,14442,,Point,
"(32512, 127920, 728)",,,nucleus,,8761,,Point,
"(101984, 72736, 860)",,,nucleus,,30559,,Point,
"(94288, 199536, 434)",,,nucleus,,26926,,Point,
"(31184, 78272, 412)",,,nucleus,,7844,,Point,
"(109232, 173520, 529)",,,nucleus,,32876,,Point,
"(104832, 101984, 851)",,,nucleus,,30937,,Point,
"(95136, 44176, 323)",,,nucleus,,24157,,Point,
"(82912, 54064, 734)",,,nucleus,,23960,,Point,
"(124480, 23344, 563)",,,nucleus,,35999,,Point,
"(71680, 98768, 280)",,,nucleus,,19182,,Point,
"(56208, 196656, 400)",,,nucleus,,15097,,Point,
"(51280, 216304, 669)",,,nucleus,,15257,,Point,
"(65568, 230880, 616)",,,nucleus,,21458,,Point,
"(29888, 62736, 309)",,,nucleus,,2007,,Point,
"(66000, 231216, 500)",,,nucleus,,21459,,Point,
"(54848, 205408, 594)",,,nucleus,,15285,,Point,
"(43984, 219328, 718)",,,split,,10740,,Point,
"(58144, 185600, 716)",,,nucleus,,14843,,Point,
"(45792, 244352, 686)",,,nucleus,,11167,,Point,
"(47056, 221920, 782)",,,split,,15435,,Point,
"(46320, 212368, 542)",,,nucleus,,10427,,Point,
"(65680, 22848, 481)",,,nucleus,,17978,,Point,
"(118608, 239280, 234)",,,epithelial,,40154,,Point,
"(69840, 205488, 774)",,,nucleus,,21252,,Point,
"(52064, 197072, 502)",,,nucleus,,15028,,Point,
"(121760, 29920, 387)",,,epithelial,,35916,,Point,
"(37408, 224000, 825)",,,nucleus,,10533,,Point,
"(53872, 159840, 582)",,,nucleus,,14562,,Point,
"(82720, 103168, 637)",,,nucleus,,24972,,Point,
"(143600, 153808, 288)",,,epithelial,,44005,,Point,
"(53360, 187616, 384)",,,epithelial,,15057,,Point,
"(125248, 61728, 453)",,,epithelial,,36576,,Point,
"(54208, 238720, 738)",,,nucleus,,16248,,Point,
"(67104, 140240, 378)",,,epithelial,,19978,,Point,
"(82688, 65040, 381)",,,epithelial,,24267,,Point,
"(87984, 205360, 597)",,,nucleus,,27156,,Point,
"(29584, 208864, 718)",,,nucleus,,4972,,Point,
"(86832, 174048, 314)",,,nucleus,,26458,,Point,
"(51680, 56640, 524)",,,nucleus,,13124,,Point,
"(28480, 216592, 720)",,,nucleus,,4961,,Point,
"(96832, 191120, 796)",,,nucleus,,32933,,Point,
"(43216, 82384, 473)",,,nucleus,,8054,,Point,
"(48176, 60864, 282)",,,"merge,epithelial",,13065,,Point,
"(78720, 60304, 460)",,,nucleus,,18698,,Point,
"(91824, 127920, 771)",,,nucleus,,25684,,Point,
"(103696, 179648, 532)",,,nucleus,,32729,,Point,
"(45840, 198624, 558)",,,nucleus,,10085,,Point,
"(87392, 28752, 536)",,,nucleus,,23739,,Point,
"(57968, 185520, 450)",,,nucleus,,14844,,Point,
"(72832, 138032, 598)",,,nucleus,,20080,,Point,
"(57824, 29728, 517)",,,merge,,12725,,Point,
"(75248, 231840, 668)",,,nucleus,,21608,,Point,
"(36208, 211136, 474)",,,nucleus,,10253,,Point,
"(56960, 50416, 437)",,,epithelial,,12949,,Point,
"(65376, 37888, 692)",,,nucleus,,17961,,Point,
"(55168, 185056, 588)",,,nucleus,,14827,,Point,
"(94080, 62544, 610)",,,epithelial,,24488,,Point,
"(29680, 235472, 276)",,,nucleus,,6066,,Point,
"(48752, 185312, 323)",,,nucleus,,14754,,Point,
"(123888, 103488, 402)",,,nucleus,,37207,,Point,
"(62768, 123904, 515)",,,nucleus,,14262,,Point,
"(54736, 218240, 412)",,,nucleus,,15280,,Point,
"(48384, 27616, 255)",,,nucleus,,12632,,Point,
"(58864, 236304, 644)",,,split,,16322,,Point,
"(33552, 204048, 654)",,,nucleus,,10167,,Point,
"(119648, 156224, 482)",,,nucleus,,38525,,Point,
"(91984, 77344, 259)",,,nucleus,,24765,,Point,
"(80080, 61072, 283)",,,nucleus,,24181,,Point,
"(74240, 133040, 575)",,,nucleus,,19858,,Point,
"(55264, 206304, 310)",,,nucleus,,15293,,Point,
"(88176, 47408, 615)",,,nucleus,,24030,,Point,
"(67472, 122784, 620)",,,nucleus,,19621,,Point,
"(55216, 243456, 637)",,,nucleus,,16257,,Point,
"(82992, 210960, 337)",,,nucleus,,27021,,Point,
"(85840, 188576, 574)",,,nucleus,,26764,,Point,
"(67104, 77600, 371)",,,nucleus,,18800,,Point,
"(84464, 56704, 341)",,,nucleus,,24337,,Point,
"(39056, 224960, 740)",,,nucleus,,10577,,Point,
"(92224, 123360, 824)",,,nucleus,,25687,,Point,
"(42416, 194640, 284)",,,nucleus,,10036,,Point,
"(117952, 66416, 629)",,,nucleus,,36467,,Point,
"(54304, 196864, 474)",,,nucleus,,15071,,Point,
"(89712, 237520, 393)",,,nucleus,,27826,,Point,
"(123584, 147984, 268)",,,nucleus,,38302,,Point,
"(47840, 220400, 289)",,,nucleus,,15467,,Point,
"(108736, 96672, 528)",,,nucleus,,31003,,Point,
"(77248, 47136, 289)",,,nucleus,,18320,,Point,
"(49184, 25888, 271)",,,nucleus,,12641,,Point,
"(38288, 58320, 354)",,,nucleus,,7713,,Point,
"(102480, 93696, 547)",,,nucleus,,30908,,Point,
"(103952, 151152, 453)",,,nucleus,,32153,,Point,
"(35312, 214864, 688)",,,nucleus,,10217,,Point,
"(92688, 93408, 407)",,,nucleus,,25211,,Point,
"(59216, 227520, 498)",,,nucleus,,16032,,Point,
"(110384, 106224, 685)",,,nucleus,,31415,,Point,
"(118928, 55808, 305)",,,nucleus,,36496,,Point,
"(72096, 243152, 452)",,,nucleus,,21838,,Point,
"(122176, 181680, 676)",,,nucleus,,38846,,Point,
"(43696, 212208, 802)",,,nucleus,,10392,,Point,
"(51328, 221984, 280)",,,nucleus,,15672,,Point,
"(119488, 81584, 800)",,,nucleus,,36764,,Point,
"(122672, 78672, 327)",,,nucleus,,36824,,Point,
"(67888, 243728, 436)",,,nucleus,,21741,,Point,
"(58608, 247040, 370)",,,nucleus,,16319,,Point,
"(124256, 124528, 423)",,,nucleus,,37967,,Point,
"(68016, 198144, 637)",,,nucleus,,20920,,Point,
"(57936, 122480, 620)",,,nucleus,,14215,,Point,
"(80384, 65584, 343)",,,nucleus,,24192,,Point,
"(65920, 40352, 733)",,,nucleus,,18239,,Point,
"(124096, 106672, 298)",,,nucleus,,37590,,Point,
"(124768, 195296, 615)",,,nucleus,,39261,,Point,
"(63776, 243200, 612)",,,nucleus,,21695,,Point,
"(119824, 109152, 541)",,,nucleus,,37525,,Point,
"(76832, 178176, 520)",,,nucleus,,20832,,Point,
"(118464, 23328, 531)",,,nucleus,,35886,,Point,
"(124864, 162528, 313)",,,nucleus,,38603,,Point,
"(66112, 236336, 757)",,,nucleus,,21729,,Point,
"(106864, 104656, 498)",,,nucleus,,31368,,Point,
"(120528, 72384, 519)",,,nucleus,,36776,,Point,
"(35424, 228320, 387)",,,nucleus,,10523,,Point,
"(89184, 109312, 478)",,,nucleus,,25383,,Point,
"(124672, 139008, 258)",,,nucleus,,38338,,Point,
"(51264, 211024, 522)",,,nucleus,,15256,,Point,
"(124656, 23872, 391)",,,nucleus,,35997,,Point,
"(85888, 83984, 771)",,,nucleus,,24692,,Point,
"(119872, 194176, 321)",,,nucleus,,39150,,Point,
"(119488, 68064, 366)",,,nucleus,,36503,,Point,
"(57024, 63504, 571)",,,nucleus,,13173,,Point,
"(53712, 116912, 805)",,,nucleus,,13962,,Point,
"(73024, 121456, 647)",,,nucleus,,19826,,Point,
"(49936, 204272, 634)",,,nucleus,,15234,,Point,
"(34016, 75248, 268)",,,nucleus,,7887,,Point,
"(124032, 187264, 452)",,,nucleus,,39249,,Point,
"(108224, 149232, 283)",,,nucleus,,32233,,Point,
"(56192, 212608, 748)",,,nucleus,,15300,,Point,
"(70720, 159664, 253)",,,nucleus,,20340,,Point,
"(115072, 47088, 273)",,,nucleus,,36143,,Point,
"(73712, 215472, 539)",,,nucleus,,21350,,Point,
"(109680, 114096, 545)",,,nucleus,,31411,,Point,
"(81952, 42480, 491)",,,nucleus,,23951,,Point,
"(93360, 44896, 397)",,,nucleus,,24086,,Point,
"(124496, 227712, 774)",,,nucleus,,39922,,Point,
"(48336, 51392, 329)",,,nucleus,,12839,,Point,
"(77168, 130240, 517)",,,nucleus,,19893,,Point,
"(56592, 23296, 293)",,,nucleus,,12707,,Point,
"(96880, 94912, 572)",,,nucleus,,30785,,Point,
"(68208, 226208, 415)",,,nucleus,,21484,,Point,
"(48480, 200368, 434)",,,nucleus,,14992,,Point,
"(124608, 206640, 612)",,,nucleus,,39605,,Point,
"(72800, 129984, 264)",,,nucleus,,19821,,Point,
"(124800, 188496, 440)",,,nucleus,,39258,,Point,
"(74512, 127904, 403)",,,nucleus,,19860,,Point,
"(41968, 193088, 289)",,,nucleus,,10020,,Point,
"(59648, 177328, 644)",,,nucleus,,14859,,Point,
"(67280, 248448, 344)",,,nucleus,,21738,,Point,
"(82512, 44416, 755)",,,nucleus,,23957,,Point,
"(100112, 100976, 533)",,,nucleus,,30891,,Point,
"(58992, 144240, 603)",,,nucleus,,14424,,Point,
"(28688, 239584, 707)",,,nucleus,,6058,,Point,
"(66928, 59968, 453)",,,nucleus,,18495,,Point,
"(60800, 131520, 766)",,,nucleus,,14249,,Point,
"(76656, 106960, 776)",,,nucleus,,19508,,Point,
"(28416, 57536, 595)",,,nucleus,,1995,,Point,
"(120464, 42336, 378)",,,nucleus,,36232,,Point,
"(26432, 247568, 611)",,,nucleus,,6039,,Point,
"(90352, 235888, 809)",,,nucleus,,27836,,Point,
"(44672, 213552, 781)",,,nucleus,,10399,,Point,
"(39568, 209520, 548)",,,nucleus,,10321,,Point,
"(37136, 203312, 339)",,,nucleus,,10267,,Point,
"(37552, 216560, 816)",,,nucleus,,10280,,Point,
"(58672, 216544, 287)",,,nucleus,,15358,,Point,
"(97504, 131632, 525)",,,nucleus,,31527,,Point,
"(66800, 147104, 683)",,,nucleus,,19975,,Point,
"(47072, 231024, 414)",,,nucleus,,15423,,Point,
"(50528, 232448, 663)",,,nucleus,,15660,,Point,
"(51904, 147184, 741)",,,nucleus,,14364,,Point,
"(51024, 207808, 768)",,,nucleus,,15249,,Point,
"(51792, 188128, 715)",,,nucleus,,15020,,Point,
"(57728, 223568, 470)",,,nucleus,,16007,,Point,
"(49392, 229728, 308)",,,nucleus,,15623,,Point,
"(64352, 149632, 355)",,,nucleus,,19951,,Point,
"(53952, 164000, 656)",,,nucleus,,14561,,Point,
"(49168, 248784, 749)",,,nucleus,,16154,,Point,
"(32688, 215952, 721)",,,nucleus,,10146,,Point,
"(57776, 198944, 282)",,,nucleus,,15131,,Point,
"(52320, 242032, 255)",,,nucleus,,16212,,Point,
"(59328, 133888, 373)",,,nucleus,,14228,,Point,
"(36592, 51616, 334)",,,nucleus,,7435,,Point,
"(59296, 219584, 355)",,,nucleus,,16049,,Point,
"(54832, 237328, 549)",,,nucleus,,16253,,Point,
"(76512, 160288, 807)",,,nucleus,,20500,,Point,
"(30896, 44288, 711)",,,nucleus,,7388,,Point,
"(28144, 74016, 254)",,,nucleus,,2333,,Point,
"(48080, 232544, 263)",,,nucleus,,15474,,Point,
"(48256, 245600, 605)",,,nucleus,,16149,,Point,
"(67504, 90512, 512)",,,nucleus,,19156,,Point,
"(40864, 44240, 726)",,,nucleus,,7463,,Point,
"(50112, 42176, 323)",,,nucleus,,12845,,Point,
"(69248, 194256, 547)",,,nucleus,,20935,,Point,
"(48752, 197904, 757)",,,nucleus,,14996,,Point,
"(57968, 207120, 323)",,,nucleus,,15345,,Point,
"(27600, 80336, 666)",,,nucleus,,2327,,Point,
"(38832, 206928, 359)",,,nucleus,,10301,,Point,
"(54656, 210768, 415)",,,nucleus,,15281,,Point,
"(73312, 196848, 649)",,,nucleus,,21020,,Point,
"(59312, 247360, 713)",,,nucleus,,16329,,Point,
"(66880, 178432, 611)",,,nucleus,,20674,,Point,
"(56912, 146896, 485)",,,nucleus,,14414,,Point,
"(56624, 162704, 299)",,,nucleus,,14610,,Point,
"(59296, 245072, 611)",,,nucleus,,16327,,Point,
"(82944, 112256, 757)",,,nucleus,,25323,,Point,
"(57712, 210240, 506)",,,nucleus,,15321,,Point,
"(60304, 204016, 316)",,,nucleus,,15377,,Point,
"(77392, 65264, 381)",,,nucleus,,18677,,Point,
"(69856, 30176, 731)",,,nucleus,,18037,,Point,
"(82816, 78176, 518)",,,nucleus,,24655,,Point,
"(54288, 224096, 370)",,,nucleus,,15848,,Point,
"(124736, 208000, 370)",,,nucleus,,39606,,Point,
"(65712, 239264, 749)",,,nucleus,,21728,,Point,
"(57168, 126912, 653)",,,nucleus,,14203,,Point,
"(27344, 77760, 559)",,,nucleus,,2325,,Point,
"(53152, 239488, 511)",,,nucleus,,16219,,Point,
"(65616, 223040, 465)",,,nucleus,,21455,,Point,
"(57136, 240352, 603)",,,nucleus,,16278,,Point,
"(130864, 111056, 281)",,,nucleus,,42931,,Point,
"(68384, 204080, 747)",,,nucleus,,21223,,Point,
"(49552, 194080, 511)",,,nucleus,,15003,,Point,
"(100928, 34464, 450)",,,nucleus,,29543,,Point,
"(39104, 40224, 632)",,,nucleus,,7445,,Point,
"(49632, 187040, 770)",,,nucleus,,15005,,Point,
"(51136, 197520, 686)",,,nucleus,,15008,,Point,
"(32320, 210576, 497)",,,nucleus,,10136,,Point,
"(88800, 63312, 518)",,,nucleus,,24374,,Point,
"(39376, 65424, 292)",,,nucleus,,7722,,Point,
"(40688, 23312, 361)",,,nucleus,,7320,,Point,
"(58816, 203680, 527)",,,nucleus,,15357,,Point,
"(54768, 247488, 454)",,,nucleus,,16252,,Point,
"(36656, 216160, 457)",,,nucleus,,10252,,Point,
"(32752, 72560, 253)",,,nucleus,,7867,,Point,
"(43568, 31424, 820)",,,nucleus,,7337,,Point,
"(28288, 59072, 453)",,,nucleus,,1996,,Point,
"(40352, 198976, 663)",,,nucleus,,9993,,Point,
"(122496, 127792, 296)",,,nucleus,,37924,,Point,
"(123936, 142384, 388)",,,nucleus,,38310,,Point,
"(89040, 63040, 289)",,,nucleus,,24390,,Point,
"(48384, 209056, 771)",,,nucleus,,15221,,Point,
"(89184, 100624, 650)",,,nucleus,,25131,,Point,
"(31840, 33024, 813)",,,nucleus,,7214,,Point,
"(35264, 213408, 553)",,,nucleus,,10215,,Point,
"(57552, 130816, 533)",,,nucleus,,14211,,Point,
"(124640, 99952, 442)",,,nucleus,,37238,,Point,
"(52256, 194864, 714)",,,nucleus,,15025,,Point,
"(53600, 240384, 792)",,,nucleus,,16228,,Point,
"(47904, 240640, 482)",,,nucleus,,16142,,Point,
"(44320, 44848, 519)",,,nucleus,,7544,,Point,
"(77072, 31568, 579)",,,nucleus,,18168,,Point,
"(52672, 195424, 432)",,,nucleus,,15033,,Point,
"(34480, 44672, 470)",,,nucleus,,7419,,Point,
"(84688, 118624, 675)",,,nucleus,,25342,,Point,
"(75712, 164176, 688)",,,nucleus,,20474,,Point,
"(60656, 243872, 719)",,,nucleus,,16394,,Point,
"(26624, 51200, 747)",,,nucleus,,1613,,Point,
"(43968, 31360, 434)",,,nucleus,,7339,,Point,
"(60240, 162304, 798)",,,nucleus,,14665,,Point,
"(81840, 63488, 544)",,,nucleus,,24222,,Point,
"(42336, 215712, 380)",,,nucleus,,10369,,Point,
"(61280, 133472, 393)",,,nucleus,,14253,,Point,
"(102096, 72624, 486)",,,nucleus,,30550,,Point,
"(54304, 163024, 406)",,,nucleus,,14570,,Point,
"(59184, 248560, 497)",,,nucleus,,16324,,Point,
"(27408, 91936, 409)",,,nucleus,,2619,,Point,
"(42192, 215968, 723)",,,nucleus,,10368,,Point,
"(60624, 243024, 266)",,,nucleus,,16393,,Point,
"(52960, 243296, 697)",,,nucleus,,16218,,Point,
"(69392, 45552, 775)",,,nucleus,,18268,,Point,
"(66368, 63840, 620)",,,nucleus,,18460,,Point,
"(27632, 63712, 392)",,,nucleus,,1973,,Point,
"(27088, 72832, 422)",,,nucleus,,2320,,Point,
"(59568, 224992, 560)",,,nucleus,,16050,,Point,
"(27024, 64208, 586)",,,nucleus,,1970,,Point,
"(86464, 24592, 556)",,,nucleus,,23724,,Point,
"(52608, 205600, 443)",,,nucleus,,15270,,Point,
"(33312, 27232, 596)",,,nucleus,,7237,,Point,
"(65520, 197392, 763)",,,nucleus,,20896,,Point,
"(26544, 58944, 569)",,,nucleus,,1967,,Point,
"(37856, 248896, 359)",,,nucleus,,11001,,Point,
"(50608, 36048, 404)",,,nucleus,,12649,,Point,
"(27664, 40400, 646)",,,nucleus,,1637,,Point,
"(65296, 29184, 623)",,,nucleus,,17960,,Point,
"(70096, 170704, 640)",,,nucleus,,20737,,Point,
"(73264, 130352, 511)",,,nucleus,,19822,,Point,
"(69376, 109968, 565)",,,nucleus,,19372,,Point,
"(58528, 200080, 507)",,,nucleus,,15142,,Point,
"(38752, 74032, 820)",,,nucleus,,7955,,Point,
"(74608, 241696, 712)",,,nucleus,,21879,,Point,
"(70784, 79264, 721)",,,nucleus,,18880,,Point,
"(74784, 224416, 327)",,,nucleus,,21600,,Point,
"(55712, 149312, 679)",,,nucleus,,14411,,Point,
"(27712, 99904, 683)",,,nucleus,,2626,,Point,
"(123776, 176576, 574)",,,nucleus,,38870,,Point,
"(72592, 89856, 736)",,,nucleus,,19192,,Point,
"(53744, 175536, 438)",,,nucleus,,14814,,Point,
"(84816, 93312, 743)",,,nucleus,,25051,,Point,
"(68544, 111024, 792)",,,nucleus,,19348,,Point,
"(76736, 122384, 365)",,,nucleus,,19891,,Point,
"(66960, 193584, 472)",,,nucleus,,20914,,Point,
"(60016, 35504, 778)",,,nucleus,,12776,,Point,
"(72832, 56208, 583)",,,nucleus,,18596,,Point,
"(72960, 180336, 401)",,,nucleus,,20772,,Point,
"(81200, 101712, 660)",,,nucleus,,24939,,Point,
"(83952, 237360, 650)",,,nucleus,,27708,,Point,
"(84112, 63872, 756)",,,nucleus,,24315,,Point,
"(68656, 117760, 671)",,,nucleus,,19346,,Point,
"(80400, 75088, 303)",,,nucleus,,24614,,Point,